Metric,Train,Test
Accuracy,0.9726775956284153,0.9523809523809523
F1,0.9765258215962441,0.9655172413793104
AUC,0.9728234136743729,0.9666666666666667
