Metric,Train,Test
R2,0.9486732904213724,0.8717935915402841
MAE,5.466144381342652,17.041585476997774
MSE,182.41174584653442,527.3519326294478
RMSE,13.505989258345144,22.964144500273633
